{"Special area of interest/Rock or gravel":{"x":0,"y":0,"width":128,"height":128,"pixelRatio":2,"sdf":false},"Water area/Ice mass":{"x":128,"y":0,"width":128,"height":128,"pixelRatio":2,"sdf":false},"Water area/Swamp or marsh":{"x":256,"y":0,"width":128,"height":128,"pixelRatio":2,"sdf":false},"Water area/Playa":{"x":384,"y":0,"width":128,"height":128,"pixelRatio":2,"sdf":false},"Special area of interest/Groundcover":{"x":512,"y":0,"width":128,"height":128,"pixelRatio":2,"sdf":false},"Water area/Inundated area":{"x":640,"y":0,"width":128,"height":128,"pixelRatio":2,"sdf":false},"Special area of interest/Sand":{"x":768,"y":0,"width":128,"height":128,"pixelRatio":2,"sdf":false},"Water area/Lake or river intermittent":{"x":0,"y":128,"width":128,"height":128,"pixelRatio":2,"sdf":false},"Pavement marking/Two-way left turn":{"x":128,"y":128,"width":96,"height":76,"pixelRatio":2,"sdf":false},"Pavement marking/Left turn":{"x":224,"y":128,"width":70,"height":70,"pixelRatio":2,"sdf":false},"Pavement marking/Right turn":{"x":294,"y":128,"width":70,"height":70,"pixelRatio":2,"sdf":false},"Tree/Oak":{"x":364,"y":128,"width":60,"height":64,"pixelRatio":2,"sdf":false},"Pavement marking/Arrow":{"x":424,"y":128,"width":24,"height":60,"pixelRatio":2,"sdf":false},"Tree/Eucalyptus":{"x":448,"y":128,"width":58,"height":56,"pixelRatio":2,"sdf":false},"Road/Shield blue white (Alt)/6":{"x":506,"y":128,"width":86,"height":54,"pixelRatio":2,"sdf":false},"Road/Shield white black (Alt)/6":{"x":506,"y":128,"width":86,"height":54,"pixelRatio":2,"sdf":false},"Road/Shield white black/6":{"x":506,"y":128,"width":86,"height":54,"pixelRatio":2,"sdf":false},"Road/Shield blue white/6":{"x":506,"y":128,"width":86,"height":54,"pixelRatio":2,"sdf":false},"Road/Shield white black (Alt)/7":{"x":592,"y":128,"width":100,"height":54,"pixelRatio":2,"sdf":false},"Road/Shield blue white/7":{"x":592,"y":128,"width":100,"height":54,"pixelRatio":2,"sdf":false},"Road/Shield blue white (Alt)/7":{"x":592,"y":128,"width":100,"height":54,"pixelRatio":2,"sdf":false},"Road/Shield white black/7":{"x":592,"y":128,"width":100,"height":54,"pixelRatio":2,"sdf":false},"Road/Shield white black/1":{"x":692,"y":128,"width":44,"height":54,"pixelRatio":2,"sdf":false},"Road/Shield white black/2":{"x":692,"y":128,"width":44,"height":54,"pixelRatio":2,"sdf":false},"Road/Shield white black/3":{"x":692,"y":128,"width":44,"height":54,"pixelRatio":2,"sdf":false},"Road/Shield white black (Alt)/3":{"x":692,"y":128,"width":44,"height":54,"pixelRatio":2,"sdf":false},"Road/Shield blue white/1":{"x":692,"y":128,"width":44,"height":54,"pixelRatio":2,"sdf":false},"Road/Shield white black (Alt)/2":{"x":692,"y":128,"width":44,"height":54,"pixelRatio":2,"sdf":false},"Road/Shield white black (Alt)/1":{"x":692,"y":128,"width":44,"height":54,"pixelRatio":2,"sdf":false},"Road/Shield blue white/2":{"x":692,"y":128,"width":44,"height":54,"pixelRatio":2,"sdf":false},"Road/Shield blue white (Alt)/1":{"x":692,"y":128,"width":44,"height":54,"pixelRatio":2,"sdf":false},"Road/Shield blue white (Alt)/2":{"x":692,"y":128,"width":44,"height":54,"pixelRatio":2,"sdf":false},"Road/Shield blue white (Alt)/3":{"x":692,"y":128,"width":44,"height":54,"pixelRatio":2,"sdf":false},"Road/Shield blue white/3":{"x":692,"y":128,"width":44,"height":54,"pixelRatio":2,"sdf":false},"Road/Shield white black/5":{"x":736,"y":128,"width":72,"height":54,"pixelRatio":2,"sdf":false},"Road/Shield blue white/5":{"x":736,"y":128,"width":72,"height":54,"pixelRatio":2,"sdf":false},"Road/Shield blue white (Alt)/5":{"x":736,"y":128,"width":72,"height":54,"pixelRatio":2,"sdf":false},"Road/Shield white black (Alt)/5":{"x":736,"y":128,"width":72,"height":54,"pixelRatio":2,"sdf":false},"Road/Shield blue white (Alt)/4":{"x":808,"y":128,"width":58,"height":54,"pixelRatio":2,"sdf":false},"Road/Shield blue white/4":{"x":808,"y":128,"width":58,"height":54,"pixelRatio":2,"sdf":false},"Road/Shield white black/4":{"x":808,"y":128,"width":58,"height":54,"pixelRatio":2,"sdf":false},"Road/Shield white black (Alt)/4":{"x":808,"y":128,"width":58,"height":54,"pixelRatio":2,"sdf":false},"Tree/Maple":{"x":866,"y":128,"width":54,"height":52,"pixelRatio":2,"sdf":false},"Road/U-shaped green leaf/6":{"x":0,"y":256,"width":90,"height":50,"pixelRatio":2,"sdf":false},"Road/U-shaped green leaf (Alt)/6":{"x":0,"y":256,"width":90,"height":50,"pixelRatio":2,"sdf":false},"Road/U-shaped green leaf/7":{"x":90,"y":256,"width":106,"height":50,"pixelRatio":2,"sdf":false},"Road/U-shaped green leaf (Alt)/7":{"x":90,"y":256,"width":106,"height":50,"pixelRatio":2,"sdf":false},"Road/U-shaped green leaf/2":{"x":196,"y":256,"width":46,"height":50,"pixelRatio":2,"sdf":false},"Road/U-shaped green leaf/1":{"x":196,"y":256,"width":46,"height":50,"pixelRatio":2,"sdf":false},"Road/U-shaped green leaf (Alt)/2":{"x":196,"y":256,"width":46,"height":50,"pixelRatio":2,"sdf":false},"Road/U-shaped green leaf (Alt)/1":{"x":196,"y":256,"width":46,"height":50,"pixelRatio":2,"sdf":false},"Road/U-shaped green leaf (Alt)/3":{"x":196,"y":256,"width":46,"height":50,"pixelRatio":2,"sdf":false},"Road/U-shaped green leaf/3":{"x":196,"y":256,"width":46,"height":50,"pixelRatio":2,"sdf":false},"Road/U-shaped green leaf/5":{"x":242,"y":256,"width":76,"height":50,"pixelRatio":2,"sdf":false},"Road/U-shaped green leaf (Alt)/5":{"x":242,"y":256,"width":76,"height":50,"pixelRatio":2,"sdf":false},"Road/U-shaped green leaf/4":{"x":318,"y":256,"width":62,"height":50,"pixelRatio":2,"sdf":false},"Road/U-shaped green leaf (Alt)/4":{"x":318,"y":256,"width":62,"height":50,"pixelRatio":2,"sdf":false},"Tree/Elm":{"x":380,"y":256,"width":50,"height":48,"pixelRatio":2,"sdf":false},"Road/Octagon green white (Alt)/6":{"x":430,"y":256,"width":88,"height":46,"pixelRatio":2,"sdf":false},"Road/Octagon green white/6":{"x":430,"y":256,"width":88,"height":46,"pixelRatio":2,"sdf":false},"Road/Octagon green white (Alt)/7":{"x":518,"y":256,"width":102,"height":46,"pixelRatio":2,"sdf":false},"Road/Octagon green white/7":{"x":518,"y":256,"width":102,"height":46,"pixelRatio":2,"sdf":false},"Road/Octagon green white (Alt)/3":{"x":620,"y":256,"width":46,"height":46,"pixelRatio":2,"sdf":false},"Road/Octagon green white (Alt)/2":{"x":620,"y":256,"width":46,"height":46,"pixelRatio":2,"sdf":false},"Road/Octagon green white (Alt)/1":{"x":620,"y":256,"width":46,"height":46,"pixelRatio":2,"sdf":false},"Road/Octagon green white/1":{"x":620,"y":256,"width":46,"height":46,"pixelRatio":2,"sdf":false},"Road/Octagon green white/2":{"x":620,"y":256,"width":46,"height":46,"pixelRatio":2,"sdf":false},"Road/Octagon green white/3":{"x":620,"y":256,"width":46,"height":46,"pixelRatio":2,"sdf":false},"Road/Octagon green white/5":{"x":666,"y":256,"width":74,"height":46,"pixelRatio":2,"sdf":false},"Road/Octagon green white (Alt)/5":{"x":666,"y":256,"width":74,"height":46,"pixelRatio":2,"sdf":false},"Road/Octagon green white (Alt)/4":{"x":740,"y":256,"width":60,"height":46,"pixelRatio":2,"sdf":false},"Road/Octagon green white/4":{"x":740,"y":256,"width":60,"height":46,"pixelRatio":2,"sdf":false},"Pavement marking/U-turn":{"x":800,"y":256,"width":44,"height":46,"pixelRatio":2,"sdf":false},"Pavement marking/Handicap":{"x":844,"y":256,"width":38,"height":44,"pixelRatio":2,"sdf":false},"Tree/Pine":{"x":882,"y":256,"width":44,"height":44,"pixelRatio":2,"sdf":false},"Road/Secondary Hwy green white/6":{"x":0,"y":306,"width":86,"height":42,"pixelRatio":2,"sdf":false},"Road/Secondary Hwy white black (Alt)/6":{"x":0,"y":306,"width":86,"height":42,"pixelRatio":2,"sdf":false},"Road/Secondary Hwy white black/6":{"x":0,"y":306,"width":86,"height":42,"pixelRatio":2,"sdf":false},"Road/Secondary Hwy red white/6":{"x":0,"y":306,"width":86,"height":42,"pixelRatio":2,"sdf":false},"Road/Secondary Hwy red white (Alt)/6":{"x":0,"y":306,"width":86,"height":42,"pixelRatio":2,"sdf":false},"Road/Secondary Hwy green white (Alt)/6":{"x":0,"y":306,"width":86,"height":42,"pixelRatio":2,"sdf":false},"Road/Secondary Hwy white black/7":{"x":86,"y":306,"width":98,"height":42,"pixelRatio":2,"sdf":false},"Road/Secondary Hwy red white (Alt)/7":{"x":86,"y":306,"width":98,"height":42,"pixelRatio":2,"sdf":false},"Road/Secondary Hwy red white/7":{"x":86,"y":306,"width":98,"height":42,"pixelRatio":2,"sdf":false},"Road/Secondary Hwy green white (Alt)/7":{"x":86,"y":306,"width":98,"height":42,"pixelRatio":2,"sdf":false},"Road/Secondary Hwy green white/7":{"x":86,"y":306,"width":98,"height":42,"pixelRatio":2,"sdf":false},"Road/Secondary Hwy white black (Alt)/7":{"x":86,"y":306,"width":98,"height":42,"pixelRatio":2,"sdf":false},"Road/Secondary Hwy white black/3":{"x":184,"y":306,"width":44,"height":42,"pixelRatio":2,"sdf":false},"Road/Secondary Hwy red white (Alt)/3":{"x":184,"y":306,"width":44,"height":42,"pixelRatio":2,"sdf":false},"Road/Secondary Hwy red white (Alt)/2":{"x":184,"y":306,"width":44,"height":42,"pixelRatio":2,"sdf":false},"Road/Secondary Hwy red white (Alt)/1":{"x":184,"y":306,"width":44,"height":42,"pixelRatio":2,"sdf":false},"Road/Secondary Hwy red white/2":{"x":184,"y":306,"width":44,"height":42,"pixelRatio":2,"sdf":false},"Road/Secondary Hwy white black (Alt)/3":{"x":184,"y":306,"width":44,"height":42,"pixelRatio":2,"sdf":false},"Road/Secondary Hwy red white/1":{"x":184,"y":306,"width":44,"height":42,"pixelRatio":2,"sdf":false},"Road/Secondary Hwy white black (Alt)/1":{"x":184,"y":306,"width":44,"height":42,"pixelRatio":2,"sdf":false},"Road/Secondary Hwy green white (Alt)/3":{"x":184,"y":306,"width":44,"height":42,"pixelRatio":2,"sdf":false},"Road/Secondary Hwy green white (Alt)/2":{"x":184,"y":306,"width":44,"height":42,"pixelRatio":2,"sdf":false},"Road/Secondary Hwy green white (Alt)/1":{"x":184,"y":306,"width":44,"height":42,"pixelRatio":2,"sdf":false},"Road/Secondary Hwy white black (Alt)/2":{"x":184,"y":306,"width":44,"height":42,"pixelRatio":2,"sdf":false},"Road/Secondary Hwy white black/1":{"x":184,"y":306,"width":44,"height":42,"pixelRatio":2,"sdf":false},"Road/Secondary Hwy green white/3":{"x":184,"y":306,"width":44,"height":42,"pixelRatio":2,"sdf":false},"Road/Secondary Hwy green white/2":{"x":184,"y":306,"width":44,"height":42,"pixelRatio":2,"sdf":false},"Road/Secondary Hwy green white/1":{"x":184,"y":306,"width":44,"height":42,"pixelRatio":2,"sdf":false},"Road/Secondary Hwy red white/3":{"x":184,"y":306,"width":44,"height":42,"pixelRatio":2,"sdf":false},"Road/Secondary Hwy white black/2":{"x":184,"y":306,"width":44,"height":42,"pixelRatio":2,"sdf":false},"Road/Secondary Hwy green white/5":{"x":228,"y":306,"width":72,"height":42,"pixelRatio":2,"sdf":false},"Road/Secondary Hwy white black (Alt)/5":{"x":228,"y":306,"width":72,"height":42,"pixelRatio":2,"sdf":false},"Road/Secondary Hwy white black/5":{"x":228,"y":306,"width":72,"height":42,"pixelRatio":2,"sdf":false},"Road/Secondary Hwy green white (Alt)/5":{"x":228,"y":306,"width":72,"height":42,"pixelRatio":2,"sdf":false},"Road/Secondary Hwy red white/5":{"x":228,"y":306,"width":72,"height":42,"pixelRatio":2,"sdf":false},"Road/Secondary Hwy red white (Alt)/5":{"x":228,"y":306,"width":72,"height":42,"pixelRatio":2,"sdf":false},"Road/Secondary Hwy white black/4":{"x":300,"y":306,"width":58,"height":42,"pixelRatio":2,"sdf":false},"Road/Secondary Hwy green white (Alt)/4":{"x":300,"y":306,"width":58,"height":42,"pixelRatio":2,"sdf":false},"Road/Secondary Hwy red white (Alt)/4":{"x":300,"y":306,"width":58,"height":42,"pixelRatio":2,"sdf":false},"Road/Secondary Hwy red white/4":{"x":300,"y":306,"width":58,"height":42,"pixelRatio":2,"sdf":false},"Road/Secondary Hwy green white/4":{"x":300,"y":306,"width":58,"height":42,"pixelRatio":2,"sdf":false},"Road/Secondary Hwy white black (Alt)/4":{"x":300,"y":306,"width":58,"height":42,"pixelRatio":2,"sdf":false},"Point of interest/Rail station":{"x":358,"y":306,"width":42,"height":42,"pixelRatio":2,"sdf":false},"Point of interest/Bus station":{"x":400,"y":306,"width":42,"height":42,"pixelRatio":2,"sdf":false},"Road/V-shaped white black/6":{"x":442,"y":306,"width":78,"height":40,"pixelRatio":2,"sdf":false},"Road/V-shaped white black (Alt)/6":{"x":442,"y":306,"width":78,"height":40,"pixelRatio":2,"sdf":false},"Road/V-shaped white black/7":{"x":520,"y":306,"width":90,"height":40,"pixelRatio":2,"sdf":false},"Road/V-shaped white black (Alt)/7":{"x":520,"y":306,"width":90,"height":40,"pixelRatio":2,"sdf":false},"Road/V-shaped white black/2":{"x":610,"y":306,"width":40,"height":40,"pixelRatio":2,"sdf":false},"Road/V-shaped white black/1":{"x":610,"y":306,"width":40,"height":40,"pixelRatio":2,"sdf":false},"Road/V-shaped white black (Alt)/3":{"x":610,"y":306,"width":40,"height":40,"pixelRatio":2,"sdf":false},"Road/V-shaped white black (Alt)/2":{"x":610,"y":306,"width":40,"height":40,"pixelRatio":2,"sdf":false},"Road/V-shaped white black (Alt)/1":{"x":610,"y":306,"width":40,"height":40,"pixelRatio":2,"sdf":false},"Road/V-shaped white black/3":{"x":610,"y":306,"width":40,"height":40,"pixelRatio":2,"sdf":false},"Road/V-shaped white black (Alt)/5":{"x":650,"y":306,"width":66,"height":40,"pixelRatio":2,"sdf":false},"Road/V-shaped white black/5":{"x":650,"y":306,"width":66,"height":40,"pixelRatio":2,"sdf":false},"Road/V-shaped white black/4":{"x":716,"y":306,"width":52,"height":40,"pixelRatio":2,"sdf":false},"Road/V-shaped white black (Alt)/4":{"x":716,"y":306,"width":52,"height":40,"pixelRatio":2,"sdf":false},"Road/U-shaped white black (Alt)/6":{"x":768,"y":306,"width":78,"height":40,"pixelRatio":2,"sdf":false},"Road/U-shaped blue white (Alt)/6":{"x":768,"y":306,"width":78,"height":40,"pixelRatio":2,"sdf":false},"Road/U-shaped red white (Alt)/6":{"x":768,"y":306,"width":78,"height":40,"pixelRatio":2,"sdf":false},"Road/U-shaped yellow black (Alt)/6":{"x":768,"y":306,"width":78,"height":40,"pixelRatio":2,"sdf":false},"Road/U-shaped white green (Alt)/6":{"x":768,"y":306,"width":78,"height":40,"pixelRatio":2,"sdf":false},"Road/U-shaped yellow black/6":{"x":768,"y":306,"width":78,"height":40,"pixelRatio":2,"sdf":false},"Road/U-shaped white black/6":{"x":768,"y":306,"width":78,"height":40,"pixelRatio":2,"sdf":false},"Road/U-shaped white green/6":{"x":768,"y":306,"width":78,"height":40,"pixelRatio":2,"sdf":false},"Road/U-shaped red white/6":{"x":768,"y":306,"width":78,"height":40,"pixelRatio":2,"sdf":false},"Road/U-shaped blue white/6":{"x":768,"y":306,"width":78,"height":40,"pixelRatio":2,"sdf":false},"Road/U-shaped white green/7":{"x":846,"y":306,"width":90,"height":40,"pixelRatio":2,"sdf":false},"Road/U-shaped yellow black/7":{"x":846,"y":306,"width":90,"height":40,"pixelRatio":2,"sdf":false},"Road/U-shaped white black/7":{"x":846,"y":306,"width":90,"height":40,"pixelRatio":2,"sdf":false},"Road/U-shaped blue white (Alt)/7":{"x":846,"y":306,"width":90,"height":40,"pixelRatio":2,"sdf":false},"Road/U-shaped red white (Alt)/7":{"x":846,"y":306,"width":90,"height":40,"pixelRatio":2,"sdf":false},"Road/U-shaped white black (Alt)/7":{"x":846,"y":306,"width":90,"height":40,"pixelRatio":2,"sdf":false},"Road/U-shaped red white/7":{"x":846,"y":306,"width":90,"height":40,"pixelRatio":2,"sdf":false},"Road/U-shaped white green (Alt)/7":{"x":846,"y":306,"width":90,"height":40,"pixelRatio":2,"sdf":false},"Road/U-shaped yellow black (Alt)/7":{"x":846,"y":306,"width":90,"height":40,"pixelRatio":2,"sdf":false},"Road/U-shaped blue white/7":{"x":846,"y":306,"width":90,"height":40,"pixelRatio":2,"sdf":false},"Road/U-shaped blue white (Alt)/3":{"x":0,"y":348,"width":40,"height":40,"pixelRatio":2,"sdf":false},"Road/U-shaped white green/1":{"x":0,"y":348,"width":40,"height":40,"pixelRatio":2,"sdf":false},"Road/U-shaped white black/1":{"x":0,"y":348,"width":40,"height":40,"pixelRatio":2,"sdf":false},"Road/U-shaped white black/2":{"x":0,"y":348,"width":40,"height":40,"pixelRatio":2,"sdf":false},"Road/U-shaped white black/3":{"x":0,"y":348,"width":40,"height":40,"pixelRatio":2,"sdf":false},"Road/U-shaped white black (Alt)/1":{"x":0,"y":348,"width":40,"height":40,"pixelRatio":2,"sdf":false},"Road/U-shaped white black (Alt)/2":{"x":0,"y":348,"width":40,"height":40,"pixelRatio":2,"sdf":false},"Road/U-shaped white black (Alt)/3":{"x":0,"y":348,"width":40,"height":40,"pixelRatio":2,"sdf":false},"Road/U-shaped white green/2":{"x":0,"y":348,"width":40,"height":40,"pixelRatio":2,"sdf":false},"Road/U-shaped white green/3":{"x":0,"y":348,"width":40,"height":40,"pixelRatio":2,"sdf":false},"Road/U-shaped white green (Alt)/1":{"x":0,"y":348,"width":40,"height":40,"pixelRatio":2,"sdf":false},"Road/U-shaped white green (Alt)/2":{"x":0,"y":348,"width":40,"height":40,"pixelRatio":2,"sdf":false},"Road/U-shaped red white (Alt)/3":{"x":0,"y":348,"width":40,"height":40,"pixelRatio":2,"sdf":false},"Road/U-shaped red white/1":{"x":0,"y":348,"width":40,"height":40,"pixelRatio":2,"sdf":false},"Road/U-shaped red white/2":{"x":0,"y":348,"width":40,"height":40,"pixelRatio":2,"sdf":false},"Road/U-shaped red white/3":{"x":0,"y":348,"width":40,"height":40,"pixelRatio":2,"sdf":false},"Road/U-shaped red white (Alt)/1":{"x":0,"y":348,"width":40,"height":40,"pixelRatio":2,"sdf":false},"Road/U-shaped yellow black (Alt)/3":{"x":0,"y":348,"width":40,"height":40,"pixelRatio":2,"sdf":false},"Road/U-shaped yellow black (Alt)/2":{"x":0,"y":348,"width":40,"height":40,"pixelRatio":2,"sdf":false},"Road/U-shaped yellow black (Alt)/1":{"x":0,"y":348,"width":40,"height":40,"pixelRatio":2,"sdf":false},"Road/U-shaped red white (Alt)/2":{"x":0,"y":348,"width":40,"height":40,"pixelRatio":2,"sdf":false},"Road/U-shaped yellow black/3":{"x":0,"y":348,"width":40,"height":40,"pixelRatio":2,"sdf":false},"Road/U-shaped yellow black/2":{"x":0,"y":348,"width":40,"height":40,"pixelRatio":2,"sdf":false},"Road/U-shaped yellow black/1":{"x":0,"y":348,"width":40,"height":40,"pixelRatio":2,"sdf":false},"Road/U-shaped blue white/1":{"x":0,"y":348,"width":40,"height":40,"pixelRatio":2,"sdf":false},"Road/U-shaped blue white/2":{"x":0,"y":348,"width":40,"height":40,"pixelRatio":2,"sdf":false},"Road/U-shaped white green (Alt)/3":{"x":0,"y":348,"width":40,"height":40,"pixelRatio":2,"sdf":false},"Road/U-shaped blue white/3":{"x":0,"y":348,"width":40,"height":40,"pixelRatio":2,"sdf":false},"Road/U-shaped blue white (Alt)/1":{"x":0,"y":348,"width":40,"height":40,"pixelRatio":2,"sdf":false},"Road/U-shaped blue white (Alt)/2":{"x":0,"y":348,"width":40,"height":40,"pixelRatio":2,"sdf":false},"Road/U-shaped blue white/5":{"x":40,"y":348,"width":64,"height":40,"pixelRatio":2,"sdf":false},"Road/U-shaped white green/5":{"x":40,"y":348,"width":64,"height":40,"pixelRatio":2,"sdf":false},"Road/U-shaped red white/5":{"x":40,"y":348,"width":64,"height":40,"pixelRatio":2,"sdf":false},"Road/U-shaped blue white (Alt)/5":{"x":40,"y":348,"width":64,"height":40,"pixelRatio":2,"sdf":false},"Road/U-shaped white black (Alt)/5":{"x":40,"y":348,"width":64,"height":40,"pixelRatio":2,"sdf":false},"Road/U-shaped yellow black (Alt)/5":{"x":40,"y":348,"width":64,"height":40,"pixelRatio":2,"sdf":false},"Road/U-shaped yellow black/5":{"x":40,"y":348,"width":64,"height":40,"pixelRatio":2,"sdf":false},"Road/U-shaped white black/5":{"x":40,"y":348,"width":64,"height":40,"pixelRatio":2,"sdf":false},"Road/U-shaped red white (Alt)/5":{"x":40,"y":348,"width":64,"height":40,"pixelRatio":2,"sdf":false},"Road/U-shaped white green (Alt)/5":{"x":40,"y":348,"width":64,"height":40,"pixelRatio":2,"sdf":false},"Road/U-shaped yellow black (Alt)/4":{"x":104,"y":348,"width":52,"height":40,"pixelRatio":2,"sdf":false},"Road/U-shaped red white (Alt)/4":{"x":104,"y":348,"width":52,"height":40,"pixelRatio":2,"sdf":false},"Road/U-shaped yellow black/4":{"x":104,"y":348,"width":52,"height":40,"pixelRatio":2,"sdf":false},"Road/U-shaped red white/4":{"x":104,"y":348,"width":52,"height":40,"pixelRatio":2,"sdf":false},"Road/U-shaped white black/4":{"x":104,"y":348,"width":52,"height":40,"pixelRatio":2,"sdf":false},"Road/U-shaped white green (Alt)/4":{"x":104,"y":348,"width":52,"height":40,"pixelRatio":2,"sdf":false},"Road/U-shaped blue white/4":{"x":104,"y":348,"width":52,"height":40,"pixelRatio":2,"sdf":false},"Road/U-shaped white green/4":{"x":104,"y":348,"width":52,"height":40,"pixelRatio":2,"sdf":false},"Road/U-shaped blue white (Alt)/4":{"x":104,"y":348,"width":52,"height":40,"pixelRatio":2,"sdf":false},"Road/U-shaped white black (Alt)/4":{"x":104,"y":348,"width":52,"height":40,"pixelRatio":2,"sdf":false},"Tree/Orange":{"x":156,"y":348,"width":40,"height":40,"pixelRatio":2,"sdf":false},"Tree/Palm":{"x":196,"y":348,"width":44,"height":38,"pixelRatio":2,"sdf":false},"Road/Hexagon white black/6":{"x":240,"y":348,"width":102,"height":36,"pixelRatio":2,"sdf":false},"Road/Hexagon white black (Alt)/6":{"x":240,"y":348,"width":102,"height":36,"pixelRatio":2,"sdf":false},"Road/Hexagon white black (Alt)/7":{"x":342,"y":348,"width":118,"height":36,"pixelRatio":2,"sdf":false},"Road/Hexagon white black/7":{"x":342,"y":348,"width":118,"height":36,"pixelRatio":2,"sdf":false},"Road/Hexagon white black/1":{"x":460,"y":348,"width":52,"height":36,"pixelRatio":2,"sdf":false},"Road/Hexagon white black/3":{"x":460,"y":348,"width":52,"height":36,"pixelRatio":2,"sdf":false},"Road/Hexagon white black (Alt)/1":{"x":460,"y":348,"width":52,"height":36,"pixelRatio":2,"sdf":false},"Road/Hexagon white black (Alt)/2":{"x":460,"y":348,"width":52,"height":36,"pixelRatio":2,"sdf":false},"Road/Hexagon white black (Alt)/3":{"x":460,"y":348,"width":52,"height":36,"pixelRatio":2,"sdf":false},"Road/Hexagon white black/2":{"x":460,"y":348,"width":52,"height":36,"pixelRatio":2,"sdf":false},"Road/Hexagon white black (Alt)/5":{"x":512,"y":348,"width":84,"height":36,"pixelRatio":2,"sdf":false},"Road/Hexagon white black/5":{"x":512,"y":348,"width":84,"height":36,"pixelRatio":2,"sdf":false},"Road/Hexagon white black/4":{"x":596,"y":348,"width":68,"height":36,"pixelRatio":2,"sdf":false},"Road/Hexagon white black (Alt)/4":{"x":596,"y":348,"width":68,"height":36,"pixelRatio":2,"sdf":false},"Road/Pentagon blue white/6":{"x":664,"y":348,"width":78,"height":36,"pixelRatio":2,"sdf":false},"Road/Pentagon white black (Alt)/6":{"x":664,"y":348,"width":78,"height":36,"pixelRatio":2,"sdf":false},"Road/Pentagon yellow black/6":{"x":664,"y":348,"width":78,"height":36,"pixelRatio":2,"sdf":false},"Road/Pentagon yellow black (Alt)/6":{"x":664,"y":348,"width":78,"height":36,"pixelRatio":2,"sdf":false},"Road/Pentagon green white (Alt)/6":{"x":664,"y":348,"width":78,"height":36,"pixelRatio":2,"sdf":false},"Road/Pentagon green yellow/6":{"x":664,"y":348,"width":78,"height":36,"pixelRatio":2,"sdf":false},"Road/Pentagon white black/6":{"x":664,"y":348,"width":78,"height":36,"pixelRatio":2,"sdf":false},"Road/Pentagon green yellow (Alt)/6":{"x":664,"y":348,"width":78,"height":36,"pixelRatio":2,"sdf":false},"Road/Pentagon blue white (Alt)/6":{"x":664,"y":348,"width":78,"height":36,"pixelRatio":2,"sdf":false},"Road/Pentagon green white/6":{"x":664,"y":348,"width":78,"height":36,"pixelRatio":2,"sdf":false},"Road/Pentagon white black/7":{"x":742,"y":348,"width":90,"height":36,"pixelRatio":2,"sdf":false},"Road/Pentagon blue white (Alt)/7":{"x":742,"y":348,"width":90,"height":36,"pixelRatio":2,"sdf":false},"Road/Pentagon yellow black/7":{"x":742,"y":348,"width":90,"height":36,"pixelRatio":2,"sdf":false},"Road/Pentagon yellow black (Alt)/7":{"x":742,"y":348,"width":90,"height":36,"pixelRatio":2,"sdf":false},"Road/Pentagon green white (Alt)/7":{"x":742,"y":348,"width":90,"height":36,"pixelRatio":2,"sdf":false},"Road/Pentagon white black (Alt)/7":{"x":742,"y":348,"width":90,"height":36,"pixelRatio":2,"sdf":false},"Road/Pentagon blue white/7":{"x":742,"y":348,"width":90,"height":36,"pixelRatio":2,"sdf":false},"Road/Pentagon green yellow (Alt)/7":{"x":742,"y":348,"width":90,"height":36,"pixelRatio":2,"sdf":false},"Road/Pentagon green white/7":{"x":742,"y":348,"width":90,"height":36,"pixelRatio":2,"sdf":false},"Road/Pentagon green yellow/7":{"x":742,"y":348,"width":90,"height":36,"pixelRatio":2,"sdf":false},"Road/Pentagon yellow black (Alt)/2":{"x":832,"y":348,"width":40,"height":36,"pixelRatio":2,"sdf":false},"Road/Pentagon blue white (Alt)/3":{"x":832,"y":348,"width":40,"height":36,"pixelRatio":2,"sdf":false},"Road/Pentagon blue white (Alt)/2":{"x":832,"y":348,"width":40,"height":36,"pixelRatio":2,"sdf":false},"Road/Pentagon blue white/3":{"x":832,"y":348,"width":40,"height":36,"pixelRatio":2,"sdf":false},"Road/Pentagon blue white/2":{"x":832,"y":348,"width":40,"height":36,"pixelRatio":2,"sdf":false},"Road/Pentagon blue white/1":{"x":832,"y":348,"width":40,"height":36,"pixelRatio":2,"sdf":false},"Road/Pentagon white black (Alt)/3":{"x":832,"y":348,"width":40,"height":36,"pixelRatio":2,"sdf":false},"Road/Pentagon white black (Alt)/2":{"x":832,"y":348,"width":40,"height":36,"pixelRatio":2,"sdf":false},"Road/Pentagon white black (Alt)/1":{"x":832,"y":348,"width":40,"height":36,"pixelRatio":2,"sdf":false},"Road/Pentagon green yellow (Alt)/3":{"x":832,"y":348,"width":40,"height":36,"pixelRatio":2,"sdf":false},"Road/Pentagon green yellow (Alt)/2":{"x":832,"y":348,"width":40,"height":36,"pixelRatio":2,"sdf":false},"Road/Pentagon white black/2":{"x":832,"y":348,"width":40,"height":36,"pixelRatio":2,"sdf":false},"Road/Pentagon white black/1":{"x":832,"y":348,"width":40,"height":36,"pixelRatio":2,"sdf":false},"Road/Pentagon green yellow (Alt)/1":{"x":832,"y":348,"width":40,"height":36,"pixelRatio":2,"sdf":false},"Road/Pentagon green yellow/3":{"x":832,"y":348,"width":40,"height":36,"pixelRatio":2,"sdf":false},"Road/Pentagon green yellow/2":{"x":832,"y":348,"width":40,"height":36,"pixelRatio":2,"sdf":false},"Road/Pentagon green yellow/1":{"x":832,"y":348,"width":40,"height":36,"pixelRatio":2,"sdf":false},"Road/Pentagon green white (Alt)/3":{"x":832,"y":348,"width":40,"height":36,"pixelRatio":2,"sdf":false},"Road/Pentagon green white (Alt)/2":{"x":832,"y":348,"width":40,"height":36,"pixelRatio":2,"sdf":false},"Road/Pentagon white black/3":{"x":832,"y":348,"width":40,"height":36,"pixelRatio":2,"sdf":false},"Road/Pentagon green white (Alt)/1":{"x":832,"y":348,"width":40,"height":36,"pixelRatio":2,"sdf":false},"Road/Pentagon green white/3":{"x":832,"y":348,"width":40,"height":36,"pixelRatio":2,"sdf":false},"Road/Pentagon green white/2":{"x":832,"y":348,"width":40,"height":36,"pixelRatio":2,"sdf":false},"Road/Pentagon green white/1":{"x":832,"y":348,"width":40,"height":36,"pixelRatio":2,"sdf":false},"Road/Pentagon yellow black (Alt)/3":{"x":832,"y":348,"width":40,"height":36,"pixelRatio":2,"sdf":false},"Road/Pentagon yellow black (Alt)/1":{"x":832,"y":348,"width":40,"height":36,"pixelRatio":2,"sdf":false},"Road/Pentagon yellow black/3":{"x":832,"y":348,"width":40,"height":36,"pixelRatio":2,"sdf":false},"Road/Pentagon yellow black/2":{"x":832,"y":348,"width":40,"height":36,"pixelRatio":2,"sdf":false},"Road/Pentagon blue white (Alt)/1":{"x":832,"y":348,"width":40,"height":36,"pixelRatio":2,"sdf":false},"Road/Pentagon yellow black/1":{"x":832,"y":348,"width":40,"height":36,"pixelRatio":2,"sdf":false},"Road/Pentagon yellow black (Alt)/5":{"x":872,"y":348,"width":66,"height":36,"pixelRatio":2,"sdf":false},"Road/Pentagon green white (Alt)/5":{"x":872,"y":348,"width":66,"height":36,"pixelRatio":2,"sdf":false},"Road/Pentagon green yellow/5":{"x":872,"y":348,"width":66,"height":36,"pixelRatio":2,"sdf":false},"Road/Pentagon white black (Alt)/5":{"x":872,"y":348,"width":66,"height":36,"pixelRatio":2,"sdf":false},"Road/Pentagon green white/5":{"x":872,"y":348,"width":66,"height":36,"pixelRatio":2,"sdf":false},"Road/Pentagon blue white/5":{"x":872,"y":348,"width":66,"height":36,"pixelRatio":2,"sdf":false},"Road/Pentagon blue white (Alt)/5":{"x":872,"y":348,"width":66,"height":36,"pixelRatio":2,"sdf":false},"Road/Pentagon green yellow (Alt)/5":{"x":872,"y":348,"width":66,"height":36,"pixelRatio":2,"sdf":false},"Road/Pentagon yellow black/5":{"x":872,"y":348,"width":66,"height":36,"pixelRatio":2,"sdf":false},"Road/Pentagon white black/5":{"x":872,"y":348,"width":66,"height":36,"pixelRatio":2,"sdf":false},"Road/Pentagon green white/4":{"x":0,"y":388,"width":54,"height":36,"pixelRatio":2,"sdf":false},"Road/Pentagon green white (Alt)/4":{"x":0,"y":388,"width":54,"height":36,"pixelRatio":2,"sdf":false},"Road/Pentagon green yellow/4":{"x":0,"y":388,"width":54,"height":36,"pixelRatio":2,"sdf":false},"Road/Pentagon green yellow (Alt)/4":{"x":0,"y":388,"width":54,"height":36,"pixelRatio":2,"sdf":false},"Road/Pentagon blue white (Alt)/4":{"x":0,"y":388,"width":54,"height":36,"pixelRatio":2,"sdf":false},"Road/Pentagon white black/4":{"x":0,"y":388,"width":54,"height":36,"pixelRatio":2,"sdf":false},"Road/Pentagon white black (Alt)/4":{"x":0,"y":388,"width":54,"height":36,"pixelRatio":2,"sdf":false},"Road/Pentagon blue white/4":{"x":0,"y":388,"width":54,"height":36,"pixelRatio":2,"sdf":false},"Road/Pentagon yellow black/4":{"x":0,"y":388,"width":54,"height":36,"pixelRatio":2,"sdf":false},"Road/Pentagon yellow black (Alt)/4":{"x":0,"y":388,"width":54,"height":36,"pixelRatio":2,"sdf":false},"Road/Pentagon inverse white black/6":{"x":54,"y":388,"width":78,"height":36,"pixelRatio":2,"sdf":false},"Road/Pentagon inverse white black (Alt)/6":{"x":54,"y":388,"width":78,"height":36,"pixelRatio":2,"sdf":false},"Road/Pentagon inverse white black/7":{"x":132,"y":388,"width":90,"height":36,"pixelRatio":2,"sdf":false},"Road/Pentagon inverse white black (Alt)/7":{"x":132,"y":388,"width":90,"height":36,"pixelRatio":2,"sdf":false},"Road/Pentagon inverse white black/2":{"x":222,"y":388,"width":40,"height":36,"pixelRatio":2,"sdf":false},"Road/Pentagon inverse white black/3":{"x":222,"y":388,"width":40,"height":36,"pixelRatio":2,"sdf":false},"Road/Pentagon inverse white black (Alt)/1":{"x":222,"y":388,"width":40,"height":36,"pixelRatio":2,"sdf":false},"Road/Pentagon inverse white black (Alt)/2":{"x":222,"y":388,"width":40,"height":36,"pixelRatio":2,"sdf":false},"Road/Pentagon inverse white black (Alt)/3":{"x":222,"y":388,"width":40,"height":36,"pixelRatio":2,"sdf":false},"Road/Pentagon inverse white black/1":{"x":222,"y":388,"width":40,"height":36,"pixelRatio":2,"sdf":false},"Road/Pentagon inverse white black (Alt)/5":{"x":262,"y":388,"width":66,"height":36,"pixelRatio":2,"sdf":false},"Road/Pentagon inverse white black/5":{"x":262,"y":388,"width":66,"height":36,"pixelRatio":2,"sdf":false},"Road/Pentagon inverse white black/4":{"x":328,"y":388,"width":54,"height":36,"pixelRatio":2,"sdf":false},"Road/Pentagon inverse white black (Alt)/4":{"x":328,"y":388,"width":54,"height":36,"pixelRatio":2,"sdf":false},"Road/Hexagon orange black (Alt)/6":{"x":382,"y":388,"width":96,"height":34,"pixelRatio":2,"sdf":false},"Road/Hexagon green white (Alt)/6":{"x":382,"y":388,"width":96,"height":34,"pixelRatio":2,"sdf":false},"Road/Hexagon green white/6":{"x":382,"y":388,"width":96,"height":34,"pixelRatio":2,"sdf":false},"Road/Hexagon red white/6":{"x":382,"y":388,"width":96,"height":34,"pixelRatio":2,"sdf":false},"Road/Hexagon orange black/6":{"x":382,"y":388,"width":96,"height":34,"pixelRatio":2,"sdf":false},"Road/Hexagon red white (Alt)/6":{"x":382,"y":388,"width":96,"height":34,"pixelRatio":2,"sdf":false},"Road/Hexagon blue white/6":{"x":382,"y":388,"width":96,"height":34,"pixelRatio":2,"sdf":false},"Road/Hexagon blue white (Alt)/6":{"x":382,"y":388,"width":96,"height":34,"pixelRatio":2,"sdf":false},"Road/Hexagon green white (Alt)/7":{"x":478,"y":388,"width":112,"height":34,"pixelRatio":2,"sdf":false},"Road/Hexagon orange black (Alt)/7":{"x":478,"y":388,"width":112,"height":34,"pixelRatio":2,"sdf":false},"Road/Hexagon orange black/7":{"x":478,"y":388,"width":112,"height":34,"pixelRatio":2,"sdf":false},"Road/Hexagon blue white (Alt)/7":{"x":478,"y":388,"width":112,"height":34,"pixelRatio":2,"sdf":false},"Road/Hexagon blue white/7":{"x":478,"y":388,"width":112,"height":34,"pixelRatio":2,"sdf":false},"Road/Hexagon green white/7":{"x":478,"y":388,"width":112,"height":34,"pixelRatio":2,"sdf":false},"Road/Hexagon red white/7":{"x":478,"y":388,"width":112,"height":34,"pixelRatio":2,"sdf":false},"Road/Hexagon red white (Alt)/7":{"x":478,"y":388,"width":112,"height":34,"pixelRatio":2,"sdf":false},"Road/Hexagon blue white/2":{"x":590,"y":388,"width":50,"height":34,"pixelRatio":2,"sdf":false},"Road/Hexagon orange black/1":{"x":590,"y":388,"width":50,"height":34,"pixelRatio":2,"sdf":false},"Road/Hexagon red white (Alt)/3":{"x":590,"y":388,"width":50,"height":34,"pixelRatio":2,"sdf":false},"Road/Hexagon red white (Alt)/2":{"x":590,"y":388,"width":50,"height":34,"pixelRatio":2,"sdf":false},"Road/Hexagon red white (Alt)/1":{"x":590,"y":388,"width":50,"height":34,"pixelRatio":2,"sdf":false},"Road/Hexagon blue white/1":{"x":590,"y":388,"width":50,"height":34,"pixelRatio":2,"sdf":false},"Road/Hexagon orange black/2":{"x":590,"y":388,"width":50,"height":34,"pixelRatio":2,"sdf":false},"Road/Hexagon green white (Alt)/1":{"x":590,"y":388,"width":50,"height":34,"pixelRatio":2,"sdf":false},"Road/Hexagon orange black/3":{"x":590,"y":388,"width":50,"height":34,"pixelRatio":2,"sdf":false},"Road/Hexagon orange black (Alt)/2":{"x":590,"y":388,"width":50,"height":34,"pixelRatio":2,"sdf":false},"Road/Hexagon blue white (Alt)/2":{"x":590,"y":388,"width":50,"height":34,"pixelRatio":2,"sdf":false},"Road/Hexagon blue white (Alt)/3":{"x":590,"y":388,"width":50,"height":34,"pixelRatio":2,"sdf":false},"Road/Hexagon blue white/3":{"x":590,"y":388,"width":50,"height":34,"pixelRatio":2,"sdf":false},"Road/Hexagon orange black (Alt)/3":{"x":590,"y":388,"width":50,"height":34,"pixelRatio":2,"sdf":false},"Road/Hexagon orange black (Alt)/1":{"x":590,"y":388,"width":50,"height":34,"pixelRatio":2,"sdf":false},"Road/Hexagon red white/2":{"x":590,"y":388,"width":50,"height":34,"pixelRatio":2,"sdf":false},"Road/Hexagon red white/3":{"x":590,"y":388,"width":50,"height":34,"pixelRatio":2,"sdf":false},"Road/Hexagon green white (Alt)/3":{"x":590,"y":388,"width":50,"height":34,"pixelRatio":2,"sdf":false},"Road/Hexagon green white (Alt)/2":{"x":590,"y":388,"width":50,"height":34,"pixelRatio":2,"sdf":false},"Road/Hexagon blue white (Alt)/1":{"x":590,"y":388,"width":50,"height":34,"pixelRatio":2,"sdf":false},"Road/Hexagon green white/3":{"x":590,"y":388,"width":50,"height":34,"pixelRatio":2,"sdf":false},"Road/Hexagon green white/2":{"x":590,"y":388,"width":50,"height":34,"pixelRatio":2,"sdf":false},"Road/Hexagon green white/1":{"x":590,"y":388,"width":50,"height":34,"pixelRatio":2,"sdf":false},"Road/Hexagon red white/1":{"x":590,"y":388,"width":50,"height":34,"pixelRatio":2,"sdf":false},"Road/Hexagon red white/5":{"x":640,"y":388,"width":80,"height":34,"pixelRatio":2,"sdf":false},"Road/Hexagon green white/5":{"x":640,"y":388,"width":80,"height":34,"pixelRatio":2,"sdf":false},"Road/Hexagon orange black (Alt)/5":{"x":640,"y":388,"width":80,"height":34,"pixelRatio":2,"sdf":false},"Road/Hexagon orange black/5":{"x":640,"y":388,"width":80,"height":34,"pixelRatio":2,"sdf":false},"Road/Hexagon green white (Alt)/5":{"x":640,"y":388,"width":80,"height":34,"pixelRatio":2,"sdf":false},"Road/Hexagon blue white/5":{"x":640,"y":388,"width":80,"height":34,"pixelRatio":2,"sdf":false},"Road/Hexagon blue white (Alt)/5":{"x":640,"y":388,"width":80,"height":34,"pixelRatio":2,"sdf":false},"Road/Hexagon red white (Alt)/5":{"x":640,"y":388,"width":80,"height":34,"pixelRatio":2,"sdf":false},"Road/Hexagon blue white/4":{"x":720,"y":388,"width":66,"height":34,"pixelRatio":2,"sdf":false},"Road/Hexagon orange black/4":{"x":720,"y":388,"width":66,"height":34,"pixelRatio":2,"sdf":false},"Road/Hexagon red white (Alt)/4":{"x":720,"y":388,"width":66,"height":34,"pixelRatio":2,"sdf":false},"Road/Hexagon green white (Alt)/4":{"x":720,"y":388,"width":66,"height":34,"pixelRatio":2,"sdf":false},"Road/Hexagon blue white (Alt)/4":{"x":720,"y":388,"width":66,"height":34,"pixelRatio":2,"sdf":false},"Road/Hexagon red white/4":{"x":720,"y":388,"width":66,"height":34,"pixelRatio":2,"sdf":false},"Road/Hexagon green white/4":{"x":720,"y":388,"width":66,"height":34,"pixelRatio":2,"sdf":false},"Road/Hexagon orange black (Alt)/4":{"x":720,"y":388,"width":66,"height":34,"pixelRatio":2,"sdf":false},"Road/Rectangle blue white/1":{"x":786,"y":388,"width":28,"height":32,"pixelRatio":2,"sdf":false},"Road/Rectangle blue white (Alt)/1":{"x":786,"y":388,"width":28,"height":32,"pixelRatio":2,"sdf":false},"Road/Rectangle red white (Alt)/1":{"x":814,"y":388,"width":30,"height":32,"pixelRatio":2,"sdf":false},"Road/Rectangle yellow black/1":{"x":814,"y":388,"width":30,"height":32,"pixelRatio":2,"sdf":false},"Road/Rectangle red white/1":{"x":814,"y":388,"width":30,"height":32,"pixelRatio":2,"sdf":false},"Road/Rectangle yellow black (Alt)/1":{"x":814,"y":388,"width":30,"height":32,"pixelRatio":2,"sdf":false},"Road/Rectangle green white/1":{"x":814,"y":388,"width":30,"height":32,"pixelRatio":2,"sdf":false},"Road/Rectangle green yellow/1":{"x":814,"y":388,"width":30,"height":32,"pixelRatio":2,"sdf":false},"Road/Rectangle green yellow (Alt)/1":{"x":814,"y":388,"width":30,"height":32,"pixelRatio":2,"sdf":false},"Road/Rectangle green white (Alt)/1":{"x":814,"y":388,"width":30,"height":32,"pixelRatio":2,"sdf":false},"Road/Rectangle white black/1":{"x":844,"y":388,"width":30,"height":32,"pixelRatio":2,"sdf":false},"Road/Rectangle white black (Alt)/1":{"x":844,"y":388,"width":30,"height":32,"pixelRatio":2,"sdf":false},"Road/Rectangle blue white/7":{"x":874,"y":388,"width":76,"height":32,"pixelRatio":2,"sdf":false},"Road/Rectangle blue white (Alt)/7":{"x":874,"y":388,"width":76,"height":32,"pixelRatio":2,"sdf":false},"Road/Rectangle red white (Alt)/7":{"x":0,"y":424,"width":78,"height":32,"pixelRatio":2,"sdf":false},"Road/Rectangle yellow black/7":{"x":0,"y":424,"width":78,"height":32,"pixelRatio":2,"sdf":false},"Road/Rectangle green yellow (Alt)/7":{"x":0,"y":424,"width":78,"height":32,"pixelRatio":2,"sdf":false},"Road/Rectangle yellow black (Alt)/7":{"x":0,"y":424,"width":78,"height":32,"pixelRatio":2,"sdf":false},"Road/Rectangle green white (Alt)/7":{"x":0,"y":424,"width":78,"height":32,"pixelRatio":2,"sdf":false},"Road/Rectangle green white/7":{"x":0,"y":424,"width":78,"height":32,"pixelRatio":2,"sdf":false},"Road/Rectangle green yellow/7":{"x":0,"y":424,"width":78,"height":32,"pixelRatio":2,"sdf":false},"Road/Rectangle red white/7":{"x":0,"y":424,"width":78,"height":32,"pixelRatio":2,"sdf":false},"Road/Rectangle white black (Alt)/7":{"x":78,"y":424,"width":78,"height":32,"pixelRatio":2,"sdf":false},"Road/Rectangle white black/7":{"x":78,"y":424,"width":78,"height":32,"pixelRatio":2,"sdf":false},"Road/Rectangle blue white (Alt)/6":{"x":156,"y":424,"width":68,"height":32,"pixelRatio":2,"sdf":false},"Road/Rectangle blue white/6":{"x":156,"y":424,"width":68,"height":32,"pixelRatio":2,"sdf":false},"Road/Rectangle yellow black (Alt)/6":{"x":224,"y":424,"width":70,"height":32,"pixelRatio":2,"sdf":false},"Road/Rectangle red white (Alt)/6":{"x":224,"y":424,"width":70,"height":32,"pixelRatio":2,"sdf":false},"Road/Rectangle green yellow/6":{"x":224,"y":424,"width":70,"height":32,"pixelRatio":2,"sdf":false},"Road/Rectangle green white/6":{"x":224,"y":424,"width":70,"height":32,"pixelRatio":2,"sdf":false},"Road/Rectangle green yellow (Alt)/6":{"x":224,"y":424,"width":70,"height":32,"pixelRatio":2,"sdf":false},"Road/Rectangle yellow black/6":{"x":224,"y":424,"width":70,"height":32,"pixelRatio":2,"sdf":false},"Road/Rectangle red white/6":{"x":224,"y":424,"width":70,"height":32,"pixelRatio":2,"sdf":false},"Road/Rectangle green white (Alt)/6":{"x":224,"y":424,"width":70,"height":32,"pixelRatio":2,"sdf":false},"Road/Rectangle white black/6":{"x":294,"y":424,"width":70,"height":32,"pixelRatio":2,"sdf":false},"Road/Rectangle white black (Alt)/6":{"x":294,"y":424,"width":70,"height":32,"pixelRatio":2,"sdf":false},"Road/Rectangle blue white (Alt)/5":{"x":364,"y":424,"width":60,"height":32,"pixelRatio":2,"sdf":false},"Road/Rectangle blue white/5":{"x":364,"y":424,"width":60,"height":32,"pixelRatio":2,"sdf":false},"Road/Rectangle green yellow (Alt)/5":{"x":424,"y":424,"width":62,"height":32,"pixelRatio":2,"sdf":false},"Road/Rectangle yellow black (Alt)/5":{"x":424,"y":424,"width":62,"height":32,"pixelRatio":2,"sdf":false},"Road/Rectangle green white/5":{"x":424,"y":424,"width":62,"height":32,"pixelRatio":2,"sdf":false},"Road/Rectangle red white (Alt)/5":{"x":424,"y":424,"width":62,"height":32,"pixelRatio":2,"sdf":false},"Road/Rectangle red white/5":{"x":424,"y":424,"width":62,"height":32,"pixelRatio":2,"sdf":false},"Road/Rectangle green white (Alt)/5":{"x":424,"y":424,"width":62,"height":32,"pixelRatio":2,"sdf":false},"Road/Rectangle yellow black/5":{"x":424,"y":424,"width":62,"height":32,"pixelRatio":2,"sdf":false},"Road/Rectangle green yellow/5":{"x":424,"y":424,"width":62,"height":32,"pixelRatio":2,"sdf":false},"Road/Rectangle white black/5":{"x":486,"y":424,"width":62,"height":32,"pixelRatio":2,"sdf":false},"Road/Rectangle white black (Alt)/5":{"x":486,"y":424,"width":62,"height":32,"pixelRatio":2,"sdf":false},"Road/Rectangle blue white/4":{"x":548,"y":424,"width":52,"height":32,"pixelRatio":2,"sdf":false},"Road/Rectangle blue white (Alt)/4":{"x":548,"y":424,"width":52,"height":32,"pixelRatio":2,"sdf":false},"Road/Rectangle green white (Alt)/4":{"x":600,"y":424,"width":54,"height":32,"pixelRatio":2,"sdf":false},"Road/Rectangle yellow black (Alt)/4":{"x":600,"y":424,"width":54,"height":32,"pixelRatio":2,"sdf":false},"Road/Rectangle red white/4":{"x":600,"y":424,"width":54,"height":32,"pixelRatio":2,"sdf":false},"Road/Rectangle green white/4":{"x":600,"y":424,"width":54,"height":32,"pixelRatio":2,"sdf":false},"Road/Rectangle yellow black/4":{"x":600,"y":424,"width":54,"height":32,"pixelRatio":2,"sdf":false},"Road/Rectangle red white (Alt)/4":{"x":600,"y":424,"width":54,"height":32,"pixelRatio":2,"sdf":false},"Road/Rectangle green yellow/4":{"x":600,"y":424,"width":54,"height":32,"pixelRatio":2,"sdf":false},"Road/Rectangle green yellow (Alt)/4":{"x":600,"y":424,"width":54,"height":32,"pixelRatio":2,"sdf":false},"Road/Rectangle white black (Alt)/4":{"x":654,"y":424,"width":54,"height":32,"pixelRatio":2,"sdf":false},"Road/Rectangle white black/4":{"x":654,"y":424,"width":54,"height":32,"pixelRatio":2,"sdf":false},"Road/Rectangle blue white/3":{"x":708,"y":424,"width":44,"height":32,"pixelRatio":2,"sdf":false},"Road/Rectangle blue white (Alt)/3":{"x":708,"y":424,"width":44,"height":32,"pixelRatio":2,"sdf":false},"Road/Rectangle yellow black (Alt)/3":{"x":752,"y":424,"width":46,"height":32,"pixelRatio":2,"sdf":false},"Road/Rectangle red white (Alt)/3":{"x":752,"y":424,"width":46,"height":32,"pixelRatio":2,"sdf":false},"Road/Rectangle green yellow (Alt)/3":{"x":752,"y":424,"width":46,"height":32,"pixelRatio":2,"sdf":false},"Road/Rectangle green white/3":{"x":752,"y":424,"width":46,"height":32,"pixelRatio":2,"sdf":false},"Road/Rectangle green yellow/3":{"x":752,"y":424,"width":46,"height":32,"pixelRatio":2,"sdf":false},"Road/Rectangle green white (Alt)/3":{"x":752,"y":424,"width":46,"height":32,"pixelRatio":2,"sdf":false},"Road/Rectangle red white/3":{"x":752,"y":424,"width":46,"height":32,"pixelRatio":2,"sdf":false},"Road/Rectangle yellow black/3":{"x":752,"y":424,"width":46,"height":32,"pixelRatio":2,"sdf":false},"Road/Rectangle white black/3":{"x":798,"y":424,"width":46,"height":32,"pixelRatio":2,"sdf":false},"Road/Rectangle white black (Alt)/3":{"x":798,"y":424,"width":46,"height":32,"pixelRatio":2,"sdf":false},"Road/Rectangle blue white (Alt)/2":{"x":844,"y":424,"width":36,"height":32,"pixelRatio":2,"sdf":false},"Road/Rectangle blue white/2":{"x":844,"y":424,"width":36,"height":32,"pixelRatio":2,"sdf":false},"Road/Rectangle green yellow (Alt)/2":{"x":880,"y":424,"width":38,"height":32,"pixelRatio":2,"sdf":false},"Road/Rectangle green white/2":{"x":880,"y":424,"width":38,"height":32,"pixelRatio":2,"sdf":false},"Road/Rectangle red white/2":{"x":880,"y":424,"width":38,"height":32,"pixelRatio":2,"sdf":false},"Road/Rectangle red white (Alt)/2":{"x":880,"y":424,"width":38,"height":32,"pixelRatio":2,"sdf":false},"Road/Rectangle yellow black/2":{"x":880,"y":424,"width":38,"height":32,"pixelRatio":2,"sdf":false},"Road/Rectangle yellow black (Alt)/2":{"x":880,"y":424,"width":38,"height":32,"pixelRatio":2,"sdf":false},"Road/Rectangle green yellow/2":{"x":880,"y":424,"width":38,"height":32,"pixelRatio":2,"sdf":false},"Road/Rectangle green white (Alt)/2":{"x":880,"y":424,"width":38,"height":32,"pixelRatio":2,"sdf":false},"Road/Rectangle white black/2":{"x":0,"y":456,"width":38,"height":32,"pixelRatio":2,"sdf":false},"Road/Rectangle white black (Alt)/2":{"x":0,"y":456,"width":38,"height":32,"pixelRatio":2,"sdf":false},"Tree/Spruce":{"x":38,"y":456,"width":34,"height":32,"pixelRatio":2,"sdf":false},"Road/Rectangle hexagon brown white (Alt)/6":{"x":72,"y":456,"width":86,"height":30,"pixelRatio":2,"sdf":false},"Road/Rectangle hexagon brown white/6":{"x":72,"y":456,"width":86,"height":30,"pixelRatio":2,"sdf":false},"Road/Rectangle hexagon blue white/6":{"x":72,"y":456,"width":86,"height":30,"pixelRatio":2,"sdf":false},"Road/Rectangle hexagon blue white (Alt)/6":{"x":72,"y":456,"width":86,"height":30,"pixelRatio":2,"sdf":false},"Road/Rectangle hexagon red white/6":{"x":72,"y":456,"width":86,"height":30,"pixelRatio":2,"sdf":false},"Road/Rectangle hexagon red white (Alt)/6":{"x":72,"y":456,"width":86,"height":30,"pixelRatio":2,"sdf":false},"Road/Rectangle hexagon green white/6":{"x":72,"y":456,"width":86,"height":30,"pixelRatio":2,"sdf":false},"Road/Rectangle hexagon green white (Alt)/6":{"x":72,"y":456,"width":86,"height":30,"pixelRatio":2,"sdf":false},"Road/Rectangle hexagon red white (Alt)/7":{"x":158,"y":456,"width":100,"height":30,"pixelRatio":2,"sdf":false},"Road/Rectangle hexagon brown white/7":{"x":158,"y":456,"width":100,"height":30,"pixelRatio":2,"sdf":false},"Road/Rectangle hexagon brown white (Alt)/7":{"x":158,"y":456,"width":100,"height":30,"pixelRatio":2,"sdf":false},"Road/Rectangle hexagon green white (Alt)/7":{"x":158,"y":456,"width":100,"height":30,"pixelRatio":2,"sdf":false},"Road/Rectangle hexagon blue white (Alt)/7":{"x":158,"y":456,"width":100,"height":30,"pixelRatio":2,"sdf":false},"Road/Rectangle hexagon red white/7":{"x":158,"y":456,"width":100,"height":30,"pixelRatio":2,"sdf":false},"Road/Rectangle hexagon blue white/7":{"x":158,"y":456,"width":100,"height":30,"pixelRatio":2,"sdf":false},"Road/Rectangle hexagon green white/7":{"x":158,"y":456,"width":100,"height":30,"pixelRatio":2,"sdf":false},"Road/Rectangle hexagon blue white (Alt)/3":{"x":258,"y":456,"width":44,"height":30,"pixelRatio":2,"sdf":false},"Road/Rectangle hexagon blue white/1":{"x":258,"y":456,"width":44,"height":30,"pixelRatio":2,"sdf":false},"Road/Rectangle hexagon red white/3":{"x":258,"y":456,"width":44,"height":30,"pixelRatio":2,"sdf":false},"Road/Rectangle hexagon brown white (Alt)/3":{"x":258,"y":456,"width":44,"height":30,"pixelRatio":2,"sdf":false},"Road/Rectangle hexagon brown white (Alt)/2":{"x":258,"y":456,"width":44,"height":30,"pixelRatio":2,"sdf":false},"Road/Rectangle hexagon brown white (Alt)/1":{"x":258,"y":456,"width":44,"height":30,"pixelRatio":2,"sdf":false},"Road/Rectangle hexagon red white (Alt)/1":{"x":258,"y":456,"width":44,"height":30,"pixelRatio":2,"sdf":false},"Road/Rectangle hexagon red white (Alt)/2":{"x":258,"y":456,"width":44,"height":30,"pixelRatio":2,"sdf":false},"Road/Rectangle hexagon red white (Alt)/3":{"x":258,"y":456,"width":44,"height":30,"pixelRatio":2,"sdf":false},"Road/Rectangle hexagon brown white/1":{"x":258,"y":456,"width":44,"height":30,"pixelRatio":2,"sdf":false},"Road/Rectangle hexagon red white/1":{"x":258,"y":456,"width":44,"height":30,"pixelRatio":2,"sdf":false},"Road/Rectangle hexagon green white/1":{"x":258,"y":456,"width":44,"height":30,"pixelRatio":2,"sdf":false},"Road/Rectangle hexagon green white/2":{"x":258,"y":456,"width":44,"height":30,"pixelRatio":2,"sdf":false},"Road/Rectangle hexagon green white/3":{"x":258,"y":456,"width":44,"height":30,"pixelRatio":2,"sdf":false},"Road/Rectangle hexagon brown white/2":{"x":258,"y":456,"width":44,"height":30,"pixelRatio":2,"sdf":false},"Road/Rectangle hexagon red white/2":{"x":258,"y":456,"width":44,"height":30,"pixelRatio":2,"sdf":false},"Road/Rectangle hexagon green white (Alt)/1":{"x":258,"y":456,"width":44,"height":30,"pixelRatio":2,"sdf":false},"Road/Rectangle hexagon green white (Alt)/2":{"x":258,"y":456,"width":44,"height":30,"pixelRatio":2,"sdf":false},"Road/Rectangle hexagon green white (Alt)/3":{"x":258,"y":456,"width":44,"height":30,"pixelRatio":2,"sdf":false},"Road/Rectangle hexagon brown white/3":{"x":258,"y":456,"width":44,"height":30,"pixelRatio":2,"sdf":false},"Road/Rectangle hexagon blue white (Alt)/2":{"x":258,"y":456,"width":44,"height":30,"pixelRatio":2,"sdf":false},"Road/Rectangle hexagon blue white (Alt)/1":{"x":258,"y":456,"width":44,"height":30,"pixelRatio":2,"sdf":false},"Road/Rectangle hexagon blue white/3":{"x":258,"y":456,"width":44,"height":30,"pixelRatio":2,"sdf":false},"Road/Rectangle hexagon blue white/2":{"x":258,"y":456,"width":44,"height":30,"pixelRatio":2,"sdf":false},"Road/Rectangle hexagon brown white (Alt)/5":{"x":302,"y":456,"width":72,"height":30,"pixelRatio":2,"sdf":false},"Road/Rectangle hexagon brown white/5":{"x":302,"y":456,"width":72,"height":30,"pixelRatio":2,"sdf":false},"Road/Rectangle hexagon red white (Alt)/5":{"x":302,"y":456,"width":72,"height":30,"pixelRatio":2,"sdf":false},"Road/Rectangle hexagon blue white/5":{"x":302,"y":456,"width":72,"height":30,"pixelRatio":2,"sdf":false},"Road/Rectangle hexagon red white/5":{"x":302,"y":456,"width":72,"height":30,"pixelRatio":2,"sdf":false},"Road/Rectangle hexagon green white (Alt)/5":{"x":302,"y":456,"width":72,"height":30,"pixelRatio":2,"sdf":false},"Road/Rectangle hexagon blue white (Alt)/5":{"x":302,"y":456,"width":72,"height":30,"pixelRatio":2,"sdf":false},"Road/Rectangle hexagon green white/5":{"x":302,"y":456,"width":72,"height":30,"pixelRatio":2,"sdf":false},"Road/Rectangle hexagon red white (Alt)/4":{"x":374,"y":456,"width":58,"height":30,"pixelRatio":2,"sdf":false},"Road/Rectangle hexagon green white/4":{"x":374,"y":456,"width":58,"height":30,"pixelRatio":2,"sdf":false},"Road/Rectangle hexagon green white (Alt)/4":{"x":374,"y":456,"width":58,"height":30,"pixelRatio":2,"sdf":false},"Road/Rectangle hexagon brown white (Alt)/4":{"x":374,"y":456,"width":58,"height":30,"pixelRatio":2,"sdf":false},"Road/Rectangle hexagon blue white/4":{"x":374,"y":456,"width":58,"height":30,"pixelRatio":2,"sdf":false},"Road/Rectangle hexagon blue white (Alt)/4":{"x":374,"y":456,"width":58,"height":30,"pixelRatio":2,"sdf":false},"Road/Rectangle hexagon red white/4":{"x":374,"y":456,"width":58,"height":30,"pixelRatio":2,"sdf":false},"Road/Rectangle hexagon brown white/4":{"x":374,"y":456,"width":58,"height":30,"pixelRatio":2,"sdf":false},"Water line/Levee/0":{"x":432,"y":456,"width":16,"height":24,"pixelRatio":2,"sdf":false},"Shrub":{"x":448,"y":456,"width":22,"height":20,"pixelRatio":2,"sdf":false},"Special area of interest line/Fence (chain link)/0":{"x":470,"y":456,"width":18,"height":18,"pixelRatio":2,"sdf":false},"Spotheight":{"x":488,"y":456,"width":18,"height":16,"pixelRatio":2,"sdf":false},"City small scale/large non capital":{"x":506,"y":456,"width":16,"height":14,"pixelRatio":2,"sdf":false},"City small scale/large other capital":{"x":506,"y":456,"width":16,"height":14,"pixelRatio":2,"sdf":false},"City small scale/x large admin2 capital":{"x":522,"y":456,"width":16,"height":14,"pixelRatio":2,"sdf":false},"City small scale/large admin0 capital":{"x":522,"y":456,"width":16,"height":14,"pixelRatio":2,"sdf":false},"City small scale/x large non capital":{"x":522,"y":456,"width":16,"height":14,"pixelRatio":2,"sdf":false},"City small scale/x large admin0 capital":{"x":522,"y":456,"width":16,"height":14,"pixelRatio":2,"sdf":false},"City small scale/x large admin1 capital":{"x":522,"y":456,"width":16,"height":14,"pixelRatio":2,"sdf":false},"City small scale/medium non capital":{"x":538,"y":456,"width":14,"height":14,"pixelRatio":2,"sdf":false},"City small scale/medium other capital":{"x":538,"y":456,"width":14,"height":14,"pixelRatio":2,"sdf":false},"City small scale/small other capital":{"x":552,"y":456,"width":14,"height":14,"pixelRatio":2,"sdf":false},"City small scale/small non capital":{"x":552,"y":456,"width":14,"height":14,"pixelRatio":2,"sdf":false},"City small scale/other capital":{"x":566,"y":456,"width":14,"height":14,"pixelRatio":2,"sdf":false},"City small scale/town small non capital":{"x":566,"y":456,"width":14,"height":14,"pixelRatio":2,"sdf":false},"City small scale/town large non capital":{"x":566,"y":456,"width":14,"height":14,"pixelRatio":2,"sdf":false},"City small scale/town large other capital":{"x":566,"y":456,"width":14,"height":14,"pixelRatio":2,"sdf":false},"City small scale/medium admin0 capital":{"x":580,"y":456,"width":14,"height":14,"pixelRatio":2,"sdf":false},"City small scale/small admin0 capital":{"x":594,"y":456,"width":14,"height":14,"pixelRatio":2,"sdf":false},"City small scale/town small admin0 capital":{"x":608,"y":456,"width":14,"height":14,"pixelRatio":2,"sdf":false},"City small scale/town large admin0 capital":{"x":608,"y":456,"width":14,"height":14,"pixelRatio":2,"sdf":false},"Special area of interest line/Fence (metal)/0":{"x":622,"y":456,"width":12,"height":12,"pixelRatio":2,"sdf":false},"Special area of interest line/Fence (wood)/0":{"x":634,"y":456,"width":12,"height":12,"pixelRatio":2,"sdf":false}}